id,email,gender,cidade,name
1,fmcardle0@nationalgeographic.com,Male,Bobowa,Farlie McArdle
2,bjouannin1@walmart.com,Male,Khorixas,Bartram Jouannin
3,amurr2@constantcontact.com,Male,Czarnożyły,Adolphe Murr
4,crosenfelt3@walmart.com,Female,Além,Cesya Rosenfelt
5,ksoars4@xing.com,Female,Luti,Kaye Soars
6,cgarrigan5@xrea.com,Male,Wichit,Chicky Garrigan
7,dkordas6@amazon.co.jp,Male,Koksovyy,Dan Kordas
8,sbeche7@pcworld.com,Female,Staroutkinsk,Simonette Beche
9,gsanten8@disqus.com,Female,Gayny,Gertruda Santen
10,hjamme9@cbsnews.com,Male,Motrico,Harmon Jamme
11,jarchboulda@wufoo.com,Female,Kupiskis,Jessie Archbould
12,ajewersb@1und1.de,Non-binary,Dulovo,Alonzo Jewers
13,nocallaghanc@adobe.com,Male,Strážná,Nikolos O'Callaghan
14,cded@hud.gov,Female,Mpumalanga,Chiquita De Wolfe
15,msacasee@example.com,Female,Zhongling,Myrtle Sacase
16,rburnyatef@oaic.gov.au,Female,Suhopolje,Rosalyn Burnyate
17,ptreeg@howstuffworks.com,Male,Independencia,Parke Tree
18,ewigelsworthh@t.co,Agender,Ben Arous,Eugenius Wigelsworth
19,dcracknalli@examiner.com,Female,Baton Rouge,Dix Cracknall
20,frosingdallj@elpais.com,Male,Sawo,Flin Rosingdall
21,mrawlink@seattletimes.com,Female,Koímisi,Myrtle Rawlin
22,kpiresl@thetimes.co.uk,Male,Carreira,Kendrick Pires
23,llyallm@plala.or.jp,Male,Bagani,Leigh Lyall
24,mwestphalenn@harvard.edu,Male,Nusajaya,Monty Westphalen
25,larmsbyo@blog.com,Female,Riihimäki,Linda Armsby
26,vchauveyp@sitemeter.com,Female,Zhongtong,Vally Chauvey
27,gblagdonq@nps.gov,Male,Bandarlampung,Gene Blagdon
28,dmeeganr@jalbum.net,Female,Belén de los Andaquíes,Davida Meegan
29,ejarmans@icq.com,Female,Carrizal,Ellyn Jarman
30,cbrannant@japanpost.jp,Female,Solsona,Carmelle Brannan
31,amazdonu@utexas.edu,Male,Guadalupe,Anthony Mazdon
32,mfinnisv@amazon.co.jp,Female,Calabaca,Mellicent Finnis
33,lnicolsonw@gnu.org,Bigender,Makati City,Laurianne Nicolson
34,pbenoeyx@google.ru,Female,Gravelbourg,Phaedra Benoey
35,sinchany@apache.org,Male,Guancangping,Sheffy Inchan
36,sdargiez@barnesandnoble.com,Male,Calilegua,Stearne Dargie
37,kcappineer10@usgs.gov,Male,Alcaldedíaz,Kendall Cappineer
38,atwomey11@ow.ly,Male,Usman’,Antonino Twomey
39,fperotti12@tuttocitta.it,Female,Adil Makmur,Ferdinanda Perotti
40,bmasarrat13@linkedin.com,Male,Krzyżanów,Barnard Masarrat
41,elanfere14@discovery.com,Female,Primorka,Edee Lanfere
42,ewinny15@skype.com,Female,Cipolletti,Esme Winny
43,fgunn16@myspace.com,Male,Komatsushimachō,Frederik Gunn
44,elawday17@typepad.com,Male,Knjazevac,Emmery Lawday
45,bwinterflood18@wordpress.com,Male,Sokoto,Bram Winterflood
46,nabbots19@dion.ne.jp,Male,Funza,Norris Abbots
47,cchristensen1a@stanford.edu,Female,Polovinnoye,Corissa Christensen
48,cwhitesel1b@irs.gov,Female,Plan de Ayala,Clarissa Whitesel
49,llaurentino1c@yahoo.com,Male,Huilong,Lionel Laurentino
50,wbegbie1d@nih.gov,Male,Hukeng,Welch Begbie
51,vhartly1e@github.com,Non-binary,Komarno,Victoir Hartly
52,tbrosh1f@artisteer.com,Male,Huerta Grande,Terrill Brosh
53,tblacklidge1g@deliciousdays.com,Female,Níkiti,Tarrah Blacklidge
54,tneary1h@goo.ne.jp,Female,Warren,Trista Neary
55,kmatschek1i@fda.gov,Male,Spasskoye,Ken Matschek
56,rpopeley1j@sbwire.com,Male,Nanhe,Reider Popeley
57,gsumbler1k@prweb.com,Female,Mokolo,Gretel Sumbler
58,tsnel1l@cpanel.net,Male,Jankowice,Tadd Snel
59,wcussen1m@surveymonkey.com,Male,Bitung,West Cussen
60,gwiddup1n@yellowpages.com,Male,Périgueux,Gaven Widdup
